ChickV Count,Population 2001,ProjectedPop2015,Rates Per 10 000 Pop,STATIN/PIOJ Communities,PARISH,Region
1.0,5769.0,8726.130123,1.1459833693795582,James Hill,Clarendon,Southern
0.0,1807.0,2733.249633,0.0,Aenon Town,Clarendon,Southern
0.0,927.0,1402.170675,0.0,Johns Hall,Clarendon,Southern
0.0,1617.0,2445.857585,0.0,Morgans Forest,Clarendon,Southern
0.0,2197.0,3323.159626,0.0,Silent Hill,Clarendon,Southern
0.0,2394.0,3621.139801,0.0,Part of Douglas Castle,Clarendon,Southern
0.0,3872.0,5856.747415,0.0,Spaldings,Clarendon,Southern
0.0,7439.0,11252.154963,0.0,Part of Kellits,Clarendon,Southern
0.0,1939.0,2932.911476,0.0,Alston,Clarendon,Southern
0.0,985.0,1489.900879,0.0,Peckham,Clarendon,Southern
0.0,3244.0,4906.841067,0.0,Trout Hall,Clarendon,Southern
1.0,3146.0,4758.607274,2.1014551998518214,Sanguinetti,Clarendon,Southern
0.0,5011.0,7579.587111,0.0,Crofts Hill,Clarendon,Southern
1.0,5413.0,8187.648181,1.2213519412333431,Frankfield,Clarendon,Southern
1.0,1957.0,2960.138092,3.378220775248886,Grantham,Clarendon,Southern
0.0,2248.0,3400.301701,0.0,Brandon Hill,Clarendon,Southern
0.0,3635.0,5498.26365,0.0,Crooked River,Clarendon,Southern
0.0,1227.0,1855.947592,0.0,Ritchies,Clarendon,Southern
0.0,2679.0,4052.227873,0.0,Coffee Piece,Clarendon,Southern
0.0,1168.0,1766.704799,0.0,Colonels Ridge,Clarendon,Southern
0.0,2358.0,3566.686571,0.0,Morgans Pass,Clarendon,Southern
0.0,2003.0,3029.717219,0.0,Smithville,Clarendon,Southern
0.0,254.0,384.19779,0.0,Orange Hill,Clarendon,Southern
0.0,1447.0,2188.717332,0.0,Coxswain,Clarendon,Southern
0.0,1825.0,2760.476248,0.0,Pennants,Clarendon,Southern
0.0,2555.0,3864.666747,0.0,Cumberland,Clarendon,Southern
0.0,5863.0,8868.313557,0.0,Thompson Town,Clarendon,Southern
0.0,2559.0,3870.717106,0.0,Summerfield,Clarendon,Southern
0.0,4049.0,6124.475796,0.0,Rock River,Clarendon,Southern
0.0,3354.0,5073.225937,0.0,Beckford Kraal,Clarendon,Southern
0.0,4021.0,6082.123284,0.0,Chapelton,Clarendon,Southern
0.0,574.0,868.226502,0.0,Part of Banana Ground,Clarendon,Southern
0.0,1919.0,2902.659682,0.0,Turners,Clarendon,Southern
0.0,3898.0,5896.074747,0.0,Woodhall,Clarendon,Southern
0.0,486.0,735.118606,0.0,Porus,Clarendon,Southern
0.0,1501.0,2270.397177,0.0,Pleasant Valley,Clarendon,Southern
0.0,970.0,1467.212033,0.0,New Longsville,Clarendon,Southern
0.0,1783.0,2696.947479,0.0,Brixton Hill,Clarendon,Southern
0.0,1047.0,1583.681442,0.0,Moores,Clarendon,Southern
0.0,2684.0,4059.790822,0.0,Ashley,Clarendon,Southern
1.0,1571.0,2376.278458,4.208261016857647,Richmond Park,Clarendon,Southern
0.0,2717.0,4109.706282,0.0,Chateau,Clarendon,Southern
0.0,3133.0,4738.943608,0.0,Bucknor,Clarendon,Southern
0.0,5888.0,8906.1283,0.0,Effortville,Clarendon,Southern
0.0,3754.0,5678.261827,0.0,New Denbigh,Clarendon,Southern
0.0,1025.0,1550.404468,0.0,Rock,Clarendon,Southern
0.0,1585.0,2397.454714,0.0,Treadlight,Clarendon,Southern
0.0,4011.0,6066.997386,0.0,Osbourne Store,Clarendon,Southern
0.0,3618.0,5472.549625,0.0,Four Paths,Clarendon,Southern
0.0,3373.0,5101.965142,0.0,Bushy Park,Clarendon,Southern
0.0,4706.0,7118.247245,0.0,Sandy Bay,Clarendon,Southern
0.0,1998.0,3022.15427,0.0,Bucks Common,Clarendon,Southern
0.0,2586.0,3911.557028,0.0,Old Denbigh,Clarendon,Southern
2.0,6668.0,10085.948285,1.9829568261562824,May Pen Proper,Clarendon,Southern
1.0,4065.0,6148.677232,1.626366065851739,Glenmuir,Clarendon,Southern
0.0,8068.0,12203.5739,0.0,Palmers Cross,Clarendon,Southern
0.0,2509.0,3795.08762,0.0,Paisley,Clarendon,Southern
0.0,3372.0,5100.452552,0.0,Hazard,Clarendon,Southern
0.0,4271.0,6460.270715,0.0,York Town,Clarendon,Southern
0.0,3949.0,5973.216823,0.0,Curatoe Hill,Clarendon,Southern
1.0,3751.0,5673.724058,1.7625108126116769,Mineral Heights,Clarendon,Southern
4.0,15375.0,23256.06702,1.7199812834044717,Hayes,Clarendon,Southern
0.0,2018.0,3052.406065,0.0,Gimme-me-bit,Clarendon,Southern
0.0,1967.0,2975.263989,0.0,Inverness,Clarendon,Southern
0.0,462.0,698.816453,0.0,Freetown,Clarendon,Southern
0.0,738.0,1116.291217,0.0,Gravel Hill,Clarendon,Southern
0.0,1784.0,2698.460069,0.0,Longville Park,Clarendon,Southern
2.0,2790.0,4220.125332,4.7391957410235515,Milk River,Clarendon,Southern
0.0,389.0,588.397403,0.0,Cockpit,Clarendon,Southern
0.0,953.0,1441.498008,0.0,Salt River,Clarendon,Southern
0.0,656.0,992.25886,0.0,Sedgepond,Clarendon,Southern
1.0,4055.0,6133.551334,1.6303768331679542,Race Course,Clarendon,Southern
0.0,1541.0,2330.900766,0.0,Banks,Clarendon,Southern
0.0,2063.0,3120.472602,0.0,Water Lane,Clarendon,Southern
1.0,3567.0,5395.407549,1.8534281069932204,Lionel Town,Clarendon,Southern
0.0,1749.0,2645.519429,0.0,Mitchell Town,Clarendon,Southern
1.0,1089.0,1647.21021,6.070870578200216,Longwood,Clarendon,Southern
0.0,1050.0,1588.219211,0.0,Alley,Clarendon,Southern
1.0,5148.0,7786.811904,1.2842226219517527,Rocky Point,Clarendon,Southern
0.0,2665.0,4031.051617,0.0,Portland Cottage,Clarendon,Southern
0.0,1571.0,2376.278458,0.0,Richmond Park,Clarendon,Southern
0.0,785.0,1187.382934,0.0,Dawkins,Clarendon,Southern
0.0,4137.0,6257.583692,0.0,Tollgate,Clarendon,Southern
0.0,405.0,612.598839,0.0,Mount Airy,Clarendon,Southern
17.0,2556.0,3866.179337,43.97105906936877,Jericho,Hanover,Western
0.0,481.0,727.555658,0.0,Woodlands,Hanover,Western
25.0,5740.0,8682.265021,28.794329520616923,Lucea West,Hanover,Western
11.0,4808.0,7272.531397,15.125407371273257,Sandy Bay,Hanover,Western
5.0,1376.0,2081.323461,24.02317608814962,Lances Bay,Hanover,Western
1.0,1542.0,2332.413356,4.287404706492342,Great Valley,Hanover,Western
11.0,5003.0,7567.486393,14.535870206750696,Lucea East,Hanover,Western
1.0,2096.0,3170.388063,3.1541880051546234,Haddington,Hanover,Western
3.0,1454.0,2199.30546,13.640669995881336,Cousins Cove,Hanover,Western
14.0,5972.0,9033.185837,15.498408039670666,Hopewell,Hanover,Western
2.0,956.0,1446.035777,13.830916439351695,Cacoon Castle,Hanover,Western
12.0,1459.0,2206.868409,54.375693408188155,Cacoon,Hanover,Western
4.0,1207.0,1825.695798,21.90945503835793,Cascade,Hanover,Western
10.0,1830.0,2768.039196,36.126656061990246,Askenish,Hanover,Western
1.0,806.0,1219.147318,8.202454168053217,Chambers Pen,Hanover,Western
1.0,445.0,673.102428,14.85657989633637,Pondside,Hanover,Western
8.0,2260.0,3418.452778,23.40240020715009,Dias,Hanover,Western
1.0,733.0,1108.728268,9.019342510350786,Copse,Hanover,Western
4.0,2477.0,3746.684748,10.676105060974828,Kingsvale,Hanover,Western
1.0,783.0,1184.357755,8.443394707201458,Maryland,Hanover,Western
1.0,1568.0,2371.740689,4.21631253634912,Cauldwell,Hanover,Western
0.0,551.0,833.436938,0.0,Woodsville,Hanover,Western
2.0,470.0,710.917171,28.132672575438463,Success,Hanover,Western
1.0,1435.0,2170.566255,4.60709272382934,Mount Peto,Hanover,Western
0.0,254.0,384.19779,0.0,Pell River,Hanover,Western
3.0,2369.0,3583.325058,8.372112357773153,Chester Castle,Hanover,Western
1.0,1324.0,2002.668796,4.993336901225678,Rock Spring,Hanover,Western
0.0,713.0,1078.476474,0.0,Cash Hill,Hanover,Western
0.0,1489.0,2252.2461,0.0,Kendal,Hanover,Western
4.0,1997.0,3020.641681,13.242219443505057,Ramble,Hanover,Western
2.0,1375.0,2079.810872,9.616258992226289,Santoy,Hanover,Western
5.0,1948.0,2946.524784,16.969142859923082,Orange Bay,Hanover,Western
4.0,1604.0,2426.193919,16.486728322395074,March Town,Hanover,Western
2.0,1562.0,2362.66515,8.465016720630091,Logwood,Hanover,Western
6.0,3890.0,5883.97403,10.197189806427476,Green Island,Hanover,Western
1.0,3541.0,5356.080216,1.867037011530822,Allman Town,Kingston,South East
0.0,1329.0,2010.231744,0.0,Newport East,Kingston,South East
0.0,3407.0,5153.393193,0.0,Hannah Town/ Craig Town,Kingston,South East
1.0,3955.0,5982.292362,1.6716000146567227,Fletchers Land,Kingston,South East
0.0,1443.0,2182.666973,0.0,Campbell Town,Kingston,South East
3.0,8345.0,12622.561254,2.3766967255154507,D'Aguilar Town/ Rennock Lodge,Kingston,South East
1.0,2337.0,3534.922187,2.8289165845788387,Norman Gardens,Kingston,South East
16.0,6541.0,9893.84939,16.171663191246537,Rollington Town,Kingston,South East
1.0,2559.0,3870.717106,2.5835006088404127,Johnson Town,Kingston,South East
1.0,1437.0,2173.591435,4.600680624231481,Kingston Gardens,Kingston,South East
3.0,8340.0,12614.998305,2.378121603719074,Denham Town,Kingston,South East
3.0,4497.0,6802.115993,4.410392300112604,Franklyn Town,Kingston,South East
2.0,2357.0,3565.173981,5.609824403124971,Newton Square,Kingston,South East
2.0,4379.0,6623.630405,3.019492148128093,Tivoli Gardens,Kingston,South East
2.0,2115.0,3199.127268,6.25170501969539,Central Down Town,Kingston,South East
3.0,10302.0,15582.699345,1.9252120146710048,East Down Town,Kingston,South East
1.0,5961.0,9016.54735,1.1090719775347266,Passmore Town,Kingston,South East
2.0,3222.0,4873.564093,4.103772848442972,West Down Town,Kingston,South East
1.0,1693.0,2560.814404,3.9050077133196255,Springfield,Kingston,South East
4.0,4492.0,6794.553044,5.887068618195925,Bournemouth Gardens,Kingston,South East
1.0,3804.0,5753.891313,1.737954274076501,Manley Meadows,Kingston,South East
2.0,3727.0,5637.421905,3.5477209861233545,Rae Town,Kingston,South East
1.0,1139.0,1722.839697,5.80437055021028,Southside,Kingston,South East
0.0,1563.0,2364.17774,0.0,Port Royal,Kingston,South East
0.0,3082.0,4661.801532,0.0,Craig Head,Manchester,Southern
0.0,2136.0,3230.891652,0.0,Auchtembeddie,Manchester,Southern
0.0,1437.0,2173.591435,0.0,Pike,Manchester,Southern
0.0,2217.0,3353.41142,0.0,Good Intent,Manchester,Southern
0.0,5747.0,8692.853149,0.0,Coleyville,Manchester,Southern
0.0,1989.0,3008.540963,0.0,Comfort Hall,Manchester,Southern
0.0,1128.0,1706.20121,0.0,Robins Hall,Manchester,Southern
1.0,7953.0,12029.626082,0.8312810333284638,Christiana,Manchester,Southern
0.0,1555.0,2352.077022,0.0,Hibernia,Manchester,Southern
0.0,1555.0,2352.077022,0.0,Harry Watch,Manchester,Southern
0.0,1984.0,3000.978014,0.0,Devon,Manchester,Southern
0.0,1470.0,2223.506896,0.0,St. Paul's,Manchester,Southern
0.0,1013.0,1532.253391,0.0,Bethany,Manchester,Southern
0.0,1728.0,2613.755045,0.0,Spring Ground,Manchester,Southern
1.0,1116.0,1688.050133,5.923994675577565,Part of Spaldings,Manchester,Southern
0.0,529.0,800.159964,0.0,Evergreen,Manchester,Southern
0.0,3378.0,5109.528091,0.0,Chudleigh,Manchester,Southern
1.0,2412.0,3648.366416,2.740952760705382,Mile Gully,Manchester,Southern
0.0,3431.0,5189.695346,0.0,Cobbla,Manchester,Southern
0.0,1205.0,1822.670618,0.0,Litchfield,Manchester,Southern
0.0,2944.0,4453.06415,0.0,Walderston,Manchester,Southern
0.0,1902.0,2876.945657,0.0,Bombay,Manchester,Southern
0.0,684.0,1034.611372,0.0,Medina,Manchester,Southern
0.0,840.0,1270.575369,0.0,Top Hill,Manchester,Southern
0.0,1291.0,1952.753335,0.0,Grove Place,Manchester,Southern
0.0,3198.0,4837.26194,0.0,Chantilly,Manchester,Southern
1.0,1667.0,2521.487071,3.965913652705777,Maidstone,Manchester,Southern
0.0,988.0,1494.438648,0.0,Somerset,Manchester,Southern
0.0,1552.0,2347.539253,0.0,Bellefield,Manchester,Southern
1.0,1220.0,1845.359464,5.4189984092985375,Kendal,Manchester,Southern
0.0,2274.0,3439.629034,0.0,Huntley,Manchester,Southern
1.0,2252.0,3406.35206,2.935691855644539,New Green,Manchester,Southern
0.0,806.0,1219.147318,0.0,Content,Manchester,Southern
0.0,502.0,759.320042,0.0,Part Of Banana Ground,Manchester,Southern
0.0,1344.0,2032.92059,0.0,Blue Mountain,Manchester,Southern
0.0,1259.0,1904.350464,0.0,Comfort,Manchester,Southern
1.0,2908.0,4398.61092,2.273444999313556,Mike Town,Manchester,Southern
1.0,2863.0,4330.544382,2.3091785045698208,Royal Flat,Manchester,Southern
11.0,8775.0,13272.974836,8.287516653889028,Porus,Manchester,Southern
0.0,9121.0,13796.33088,0.0,Greenvale,Manchester,Southern
0.0,1870.0,2828.542785,0.0,Richmond,Manchester,Southern
0.0,477.0,721.505299,0.0,Fairfield,Manchester,Southern
0.0,3435.0,5195.745705,0.0,George's Valley,Manchester,Southern
1.0,3557.0,5380.281651,1.858638756976851,Hatfield,Manchester,Southern
0.0,2935.0,4439.450842,0.0,Cedar Grove,Manchester,Southern
0.0,1770.0,2677.283813,0.0,Scotts Pass,Manchester,Southern
0.0,846.0,1279.650907,0.0,Part Of Gutters,Manchester,Southern
0.0,546.0,825.87399,0.0,Watham,Manchester,Southern
0.0,1999.0,3023.66686,0.0,May Day,Manchester,Southern
0.0,891.0,1347.717445,0.0,Spur Tree,Manchester,Southern
0.0,4288.0,6485.98474,0.0,Old England,Manchester,Southern
0.0,1765.0,2669.720864,0.0,Harmons,Manchester,Southern
1.0,2013.0,3044.843116,3.284241459749482,Knockpatrick,Manchester,Southern
0.0,2152.0,3255.093088,0.0,Prospect,Manchester,Southern
0.0,1703.0,2575.940301,0.0,Swaby's Hope,Manchester,Southern
3.0,4110.0,6216.743769,4.825677414854381,Newport,Manchester,Southern
0.0,597.0,903.016066,0.0,Butt-Up,Manchester,Southern
0.0,653.0,987.72109,0.0,Ellen Street,Manchester,Southern
0.0,1287.0,1946.702976,0.0,French Park,Manchester,Southern
1.0,2103.0,3180.976191,3.143689043726011,Downs,Manchester,Southern
0.0,5139.0,7773.198596,0.0,Asia/Pratville,Manchester,Southern
0.0,1492.0,2256.783869,0.0,Lancaster,Manchester,Southern
0.0,1754.0,2653.082377,0.0,Snowdon,Manchester,Southern
0.0,976.0,1476.287571,0.0,Victoria Town,Manchester,Southern
0.0,1980.0,2994.927655,0.0,New Forest,Manchester,Southern
0.0,854.0,1291.751625,0.0,Rose Hill,Manchester,Southern
0.0,1840.0,2783.165094,0.0,Cross Keys,Manchester,Southern
0.0,3177.0,4805.497556,0.0,Grove Town,Manchester,Southern
0.0,2401.0,3631.727929,0.0,Plowden,Manchester,Southern
0.0,2631.0,3979.623566,0.0,Alligator Pond,Manchester,Southern
0.0,1761.0,2663.670505,0.0,Marlie Hill,Manchester,Southern
1.0,3322.0,5024.823066,1.9901198248479781,Williamsfield,Manchester,Southern
1.0,18006.0,27235.690586,0.3671652814685857,Mandeville Proper,Manchester,Southern
0.0,4383.0,6629.680764,0.0,Heartease,Manchester,Southern
0.0,1919.0,2902.659682,0.0,Black Hill,Portland,North East
0.0,819.0,1238.810985,0.0,Balcarres,Portland,North East
0.0,3436.0,5197.258295,0.0,Hope Bay,Portland,North East
1.0,1937.0,2929.886297,3.413101733756462,Snow Hill,Portland,North East
0.0,1713.0,2591.066199,0.0,St. Margaret's Bay,Portland,North East
1.0,2779.0,4203.486845,2.3789773511233623,Norwich,Portland,North East
0.0,1073.0,1623.008775,0.0,Skibo,Portland,North East
0.0,709.0,1072.426115,0.0,Bybrook,Portland,North East
0.0,623.0,942.343399,0.0,Tranquility,Portland,North East
0.0,4939.0,7470.680651,0.0,Central Port Antonio,Portland,North East
0.0,6354.0,9610.995112,0.0,Prospect,Portland,North East
12.0,4939.0,7470.680651,16.062793419490795,Central Port Antonio,Portland,North East
0.0,2933.0,4436.425663,0.0,Boundbrook,Portland,North East
0.0,802.0,1213.096959,0.0,Mount Pleasant,Portland,North East
0.0,994.0,1503.514187,0.0,Drapers,Portland,North East
0.0,3223.0,4875.076683,0.0,Breastworks,Portland,North East
0.0,2366.0,3578.787289,0.0,Fruitfulvale,Portland,North East
0.0,1359.0,2055.609436,0.0,Bangor Ridge,Portland,North East
0.0,1440.0,2178.129204,0.0,Swift River,Portland,North East
0.0,2763.0,4179.28541,0.0,Nonsuch,Portland,North East
0.0,1465.0,2215.943947,0.0,Fairy Hill,Portland,North East
0.0,393.0,594.447762,0.0,Rock Hall,Portland,North East
0.0,1980.0,2994.927655,0.0,Sherwood Forest,Portland,North East
0.0,240.0,363.021534,0.0,Shirley Castle,Portland,North East
0.0,573.0,866.713912,0.0,Durham,Portland,North East
0.0,388.0,586.884813,0.0,Claverty Cottage,Portland,North East
0.0,583.0,881.83981,0.0,Castle Comfort,Portland,North East
0.0,1891.0,2860.30717,0.0,Fellowship,Portland,North East
0.0,1216.0,1839.309105,0.0,Spring Hill,Portland,North East
2.0,3079.0,4657.263763,4.294367039911198,Windsor Forest,Portland,North East
0.0,1924.0,2910.222631,0.0,Windsor,Portland,North East
0.0,1738.0,2628.880942,0.0,Long Bay,Portland,North East
0.0,1317.0,1992.080668,0.0,Moore Town,Portland,North East
0.0,523.0,791.084426,0.0,Cascade,Portland,North East
0.0,2259.0,3416.940188,0.0,Comfort Castle,Portland,North East
0.0,819.0,1238.810985,0.0,Kensington,Portland,North East
0.0,2168.0,3279.294523,0.0,Manchioneal,Portland,North East
0.0,2207.0,3338.285523,0.0,Long Road,Portland,North East
0.0,2102.0,3179.463602,0.0,Hectors River,Portland,North East
0.0,3185.0,4817.598274,0.0,Windsor Castle,Portland,North East
0.0,4911.0,7428.328139,0.0,Buff Bay,Portland,North East
0.0,543.0,821.336221,0.0,Belvedere,Portland,North East
0.0,524.0,792.597016,0.0,Orange Bay,Portland,North East
0.0,1196.0,1809.057311,0.0,Charles Town,Portland,North East
0.0,3330.0,5036.923784,0.0,Brandon Hill,St. Andrew,South East
2.0,14589.0,22067.171496,0.9063236764904508,Lawrence Tavern,St. Andrew,South East
0.0,3593.0,5434.734881,0.0,Mount James,St. Andrew,South East
1.0,2462.0,3723.995903,2.685287594420858,Temple Hall,St. Andrew,South East
0.0,2510.0,3796.600209,0.0,Parks Road,St. Andrew,South East
1.0,2323.0,3513.745931,2.845965586690565,Cavaliers,St. Andrew,South East
0.0,1249.0,1889.224566,0.0,St. Peter's,St. Andrew,South East
0.0,5792.0,8760.919686,0.0,Mavis Bank,St. Andrew,South East
10.0,6738.0,10191.829566,9.811781030326543,Red Hills (Rural),St. Andrew,South East
0.0,2080.0,3146.186628,0.0,Irish Town,St. Andrew,South East
1.0,3089.0,4672.38966,2.140232456554148,Red Hills/ Sterling Castle,St. Andrew,South East
1.0,3326.0,5030.873425,1.9877264155179972,Norbrook,St. Andrew,South East
0.0,1249.0,1889.224566,0.0,Content Gap,St. Andrew,South East
1.0,4241.0,6414.893023,1.5588724494930677,Forest Hills/ Plantation Height,St. Andrew,South East
1.0,1900.0,2873.920477,3.4795673993174305,Maryland,St. Andrew,South East
1.0,2710.0,4099.118154,2.4395490991743687,Cherry Gardens,St. Andrew,South East
0.0,1707.0,2581.99066,0.0,Meadowbrook,St. Andrew,South East
4.0,10571.0,15989.585981,2.50162825025807,Barbican,St. Andrew,South East
1.0,4710.0,7124.297604,1.4036471461250315,Queensborough/ Tunbridge,St. Andrew,South East
1.0,1212.0,1833.258747,5.454767373325943,Forest Hills Gardens,St. Andrew,South East
0.0,1363.0,2061.659795,0.0,Meadowbrook Estate,St. Andrew,South East
1.0,1250.0,1890.737156,5.288942446741656,Roehampton,St. Andrew,South East
2.0,13050.0,19739.295909,1.0132073652577007,Whitehall,St. Andrew,South East
0.0,1565.0,2367.202919,0.0,Arcadia,St. Andrew,South East
2.0,4003.0,6054.896669,3.303111695100672,Arlene Gardens,St. Andrew,South East
8.0,7431.0,11240.054245,7.117403373350002,Patrick City,St. Andrew,South East
0.0,5795.0,8765.457456,0.0,Constant Spring Gardens,St. Andrew,South East
1.0,1011.0,1529.228212,6.539246347621004,Oaklands,St. Andrew,South East
7.0,5258.0,7953.196773,8.801492280140772,Pembroke Hall,St. Andrew,South East
2.0,4483.0,6780.939737,2.949443701861939,Hughenden,St. Andrew,South East
11.0,7992.0,12088.617081,9.09946929933697,Grants Pen,St. Andrew,South East
1.0,13467.0,20370.045825,0.4909169123089098,Duhaney Park,St. Andrew,South East
1.0,2681.0,4055.253052,2.4659373587224414,Three Oaks/ Glendale,St. Andrew,South East
0.0,308.0,465.877635,0.0,Ferry,St. Andrew,South East
2.0,2330.0,3524.334059,5.674830951091746,Red Hills Gardens,St. Andrew,South East
0.0,4881.0,7382.950447,0.0,New Haven,St. Andrew,South East
1.0,3461.0,5235.073038,1.910193024512297,Drumblair,St. Andrew,South East
1.0,4928.0,7454.042164,1.341553989095466,Marverley,St. Andrew,South East
1.0,1105.0,1671.411646,5.9829665683686395,Zaidie Gardens,St. Andrew,South East
5.0,10351.0,15656.816242,3.193497274744345,Liguanea,St. Andrew,South East
3.0,7790.0,11783.073957,2.54602492604893,Molynes Gardens,St. Andrew,South East
2.0,6010.0,9090.664246,2.200059254063886,Washington Gardens,St. Andrew,South East
8.0,4295.0,6496.572868,12.314184974981796,Cassia Park,St. Andrew,South East
0.0,5851.0,8850.16248,0.0,Cooreville Gardens,St. Andrew,South East
0.0,2468.0,3733.071441,0.0,Riverton City,St. Andrew,South East
1.0,4813.0,7280.094346,1.3736085721875892,Drewsland,St. Andrew,South East
4.0,1753.0,2651.569788,15.085403439511508,Eastwood Park Gardens,St. Andrew,South East
5.0,4991.0,7549.335317,6.6230996373160576,Seaward Pen,St. Andrew,South East
0.0,12742.0,19273.418274,0.0,Penwood,St. Andrew,South East
4.0,4925.0,7449.504395,5.369484717244737,Half-Way-Tree,St. Andrew,South East
0.0,3158.0,4776.758351,0.0,Seymour Lands,St. Andrew,South East
1.0,10930.0,16532.605693,0.604865330105469,Waterhouse,St. Andrew,South East
1.0,973.0,1471.749802,6.7946331546372445,Trafalgar Park,St. Andrew,South East
2.0,4138.0,6259.096281,3.1953494725287483,Mona Heights,St. Andrew,South East
2.0,3152.0,4767.682813,4.194909935171478,Beverley Hills,St. Andrew,South East
1.0,799.0,1208.55919,8.274315468156756,Bloxborough,St. Andrew,South East
2.0,5919.0,8953.018581,2.2338834460194,Molynes Four Roads,St. Andrew,South East
1.0,10253.0,15508.582449,0.644804258086451,Tower Hill,St. Andrew,South East
1.0,8081.0,12223.237567,0.818113854466656,Waltham Gardens,St. Andrew,South East
0.0,13283.0,20091.729315,0.0,Seaview Gardens,St. Andrew,South East
0.0,1765.0,2669.720864,0.0,New Kingston,St. Andrew,South East
0.0,3097.0,4684.490378,0.0,Swallowfield,St. Andrew,South East
1.0,3882.0,5871.873312,1.7030340180472885,Richmond Park,St. Andrew,South East
4.0,6341.0,9591.331445,4.1704324607458085,Boucher Park,St. Andrew,South East
2.0,12448.0,18828.716895,1.0622072715592763,Cockburn Gardens,St. Andrew,South East
0.0,3065.0,4636.087507,0.0,Majestic Gardens,St. Andrew,South East
2.0,5900.0,8924.279377,2.2410773077706168,Kencot,St. Andrew,South East
0.0,2550.0,3857.103798,0.0,Stadium Gardens,St. Andrew,South East
2.0,9178.0,13882.548495,1.4406576722712903,Mountain View Gardens,St. Andrew,South East
0.0,213.0,322.181611,0.0,Cane River,St. Andrew,South East
0.0,4744.0,7175.725655,0.0,Maxfield Park,St. Andrew,South East
8.0,18129.0,27421.739122,2.9173933733406923,Delacree Pen,St. Andrew,South East
6.0,4043.0,6115.400258,9.811295658286575,Cross Roads,St. Andrew,South East
0.0,375.0,567.221147,0.0,Bito,St. Andrew,South East
0.0,2427.0,3671.055262,0.0,Nannyville,St. Andrew,South East
7.0,3169.0,4793.396838,14.603422659494818,Delacree Park/ Union Gardens,St. Andrew,South East
2.0,12197.0,18449.056874,1.084066255342609,Whitfield Town,St. Andrew,South East
4.0,5008.0,7575.049342,5.280493656750098,Hermitage,St. Andrew,South East
3.0,7569.0,11448.791627,2.6203638757168197,Greenwich Town/ Newport West,St. Andrew,South East
10.0,11955.0,18083.010161,5.53005274617785,Vineyard Town,St. Andrew,South East
0.0,10215.0,15451.104039,0.0,Arnett Gardens,St. Andrew,South East
1.0,2657.0,4018.950899,2.4882115386102903,Woodford Park,St. Andrew,South East
0.0,2599.0,3931.220695,0.0,Rose Town,St. Andrew,South East
1.0,7043.0,10653.169432,0.938687783371021,Trench Town,St. Andrew,South East
1.0,9250.0,13991.454955,0.7147219522317363,Jones Town,St. Andrew,South East
0.0,4832.0,7308.83355,0.0,Wilton Gardens/ Rema,St. Andrew,South East
21.0,17810.0,26939.223,7.795325054475401,Bull Bay/ Seven Mile,St. Andrew,South East
13.0,8412.0,12723.904765,10.216989391306562,Harbour View,St. Andrew,South East
1.0,4612.0,6976.063811,1.4334731262394411,Golden Spring,St. Andrew,South East
0.0,3878.0,5865.822953,0.0,Woodford,St. Andrew,South East
3.0,7724.0,11683.243035,2.5677801882685904,Stony Hill,St. Andrew,South East
0.0,1952.0,2952.575143,0.0,Mannings Hill (Rural),St. Andrew,South East
0.0,3520.0,5324.315831,0.0,Mannings Hill,St. Andrew,South East
5.0,11945.0,18067.884263,2.7673411713396696,Constant Spring,St. Andrew,South East
4.0,7317.0,11067.619017,3.614146813199795,Havendale,St. Andrew,South East
0.0,1345.0,2034.43318,0.0,Jacks Hill,St. Andrew,South East
2.0,3396.0,5136.754706,3.8935088678925918,Gordon Town,St. Andrew,South East
0.0,4209.0,6366.490152,0.0,Constitution Hill,St. Andrew,South East
2.0,4327.0,6544.975739,3.0557790888092393,Hope Pastures/ UTECH,St. Andrew,South East
4.0,1609.0,2433.756867,16.435495485342578,Kintyre,St. Andrew,South East
5.0,7685.0,11624.252036,4.301352022061405,Papine,St. Andrew,South East
1.0,2532.0,3829.877183,2.6110497862406254,Elleston Flats/ Mona Commons,St. Andrew,South East
1.0,1176.0,1778.805516,5.6217500508358,Hope Tavern,St. Andrew,South East
4.0,1124.0,1700.150851,23.52732404684718,University,St. Andrew,South East
0.0,2560.0,3872.229696,0.0,Dallas,St. Andrew,South East
8.0,6971.0,10544.262972,7.58706418954438,August Town,St. Andrew,South East
0.0,768.0,1161.668909,0.0,Sturge Town,St. Ann,North East
0.0,708.0,1070.913525,0.0,Content Garden,St. Ann,North East
0.0,2046.0,3094.758577,0.0,Great Pond,St. Ann,North East
1.0,1786.0,2701.485249,3.7016674452328284,Parry Town,St. Ann,North East
0.0,906.0,1370.406291,0.0,Beecher Town,St. Ann,North East
1.0,723.0,1093.602371,9.144091367373234,Hinds Town,St. Ann,North East
1.0,622.0,940.830809,10.628903628941428,York Castle,St. Ann,North East
0.0,1424.0,2153.927768,0.0,Inverness,St. Ann,North East
0.0,628.0,949.906347,0.0,Linton Park,St. Ann,North East
0.0,1575.0,2382.328817,0.0,Cascade,St. Ann,North East
3.0,6708.0,10146.451874,2.9566985949910394,Discovery Bay,St. Ann,North East
5.0,8573.0,12967.431711,3.855813634829945,Runaway Bay,St. Ann,North East
0.0,528.0,798.647375,0.0,Chester,St. Ann,North East
5.0,5632.0,8518.90533,5.869298702489514,Priory,St. Ann,North East
0.0,1727.0,2612.242455,0.0,Mount Zion,St. Ann,North East
5.0,6567.0,9933.176723,5.0336364080009135,St. Ann's Bay,St. Ann,North East
11.0,5110.0,7729.333494,14.231498755408728,Steer Town,St. Ann,North East
5.0,15242.0,23054.892586,2.1687370614930694,Browns Town,St. Ann,North East
3.0,5428.0,8210.337027,3.653930393033061,Bamboo,St. Ann,North East
3.0,6066.0,9175.369271,3.2696231741668504,Lime Hall,St. Ann,North East
6.0,5882.0,8897.052762,6.743806247419892,Ocho Rios,St. Ann,North East
0.0,1940.0,2934.424066,0.0,Chalky Hill,St. Ann,North East
9.0,10913.0,16506.891667,5.452268168690103,Exchange,St. Ann,North East
2.0,2133.0,3226.353883,6.19894801539971,Philadelphia,St. Ann,North East
0.0,3023.0,4572.558738,0.0,Mansfield,St. Ann,North East
1.0,2672.0,4041.639745,2.474243285134756,Cole Gate,St. Ann,North East
0.0,1516.0,2293.086023,0.0,Pimento Walk,St. Ann,North East
0.0,2265.0,3426.015727,0.0,Gibraltar,St. Ann,North East
0.0,1623.0,2454.933123,0.0,Higgin Land,St. Ann,North East
0.0,898.0,1358.305573,0.0,Epworth,St. Ann,North East
0.0,1270.0,1920.988951,0.0,Lime Tree Gardens,St. Ann,North East
1.0,7714.0,11668.117138,0.8570363051492361,Claremont,St. Ann,North East
0.0,3069.0,4642.137866,0.0,St. D'Acre,St. Ann,North East
0.0,1593.0,2409.555432,0.0,Walkers Wood,St. Ann,North East
3.0,2787.0,4215.587563,7.116445703395771,Golden Grove,St. Ann,North East
1.0,4279.0,6472.371433,1.5450287585496176,Alexandria,St. Ann,North East
0.0,2165.0,3274.756754,0.0,Alva,St. Ann,North East
0.0,1488.0,2250.733511,0.0,Madras,St. Ann,North East
1.0,4215.0,6375.56569,1.5684882700973315,Moneague,St. Ann,North East
0.0,1649.0,2494.260456,0.0,Watt Town,St. Ann,North East
0.0,742.0,1122.341576,0.0,Alderton,St. Ann,North East
0.0,3187.0,4820.623453,0.0,Blackstonedge,St. Ann,North East
0.0,4587.0,6938.249068,0.0,Calderwood,St. Ann,North East
0.0,970.0,1467.212033,0.0,River Head,St. Ann,North East
0.0,1610.0,2435.269457,0.0,Aboukir,St. Ann,North East
0.0,1822.0,2755.938479,0.0,Gibraltar,St. Ann,North East
0.0,2655.0,4015.925719,0.0,Bensonton,St. Ann,North East
1.0,2872.0,4344.15769,2.301942220702398,Cave Valley,St. Ann,North East
0.0,762.0,1152.59337,0.0,Faith's Pen,St. Ann,North East
0.0,1316.0,1990.568078,0.0,Cuffie Ridge,St. Ann,North East
2.0,3501.0,5295.576627,3.7767369653435097,Macknie,St. Ann,North East
0.0,2254.0,3409.37724,0.0,Bohemia,St. Ann,North East
0.0,2905.0,4394.073151,0.0,Mount Moriah,St. Ann,North East
0.0,167.0,252.602484,0.0,Borobridge,St. Ann,North East
0.0,879.0,1329.566368,0.0,Pear Tree Grove,St. Catherine,South East
0.0,7247.0,10961.737736,0.0,Part of Guys Hill,St. Catherine,South East
0.0,3606.0,5454.398548,0.0,Redwood,St. Catherine,South East
1.0,39157.0,59228.475856,0.16883770611137505,Linstead,St. Catherine,South East
1.0,1750.0,2647.032018,3.777816033957773,Troja,St. Catherine,South East
0.0,4475.0,6768.839019,0.0,Riversdale,St. Catherine,South East
1.0,14929.0,22581.452002,0.4428413194649448,Ewarton,St. Catherine,South East
0.0,5689.0,8605.122945,0.0,Lluidas Vale,St. Catherine,South East
0.0,1900.0,2873.920477,0.0,Harewood,St. Catherine,South East
1.0,4465.0,6753.713121,1.4806669784219875,Glengoffe,St. Catherine,South East
0.0,4957.0,7497.907266,0.0,Harkers Hall,St. Catherine,South East
2.0,14071.0,21283.650018,0.9396884455009177,Bogwalk,St. Catherine,South East
0.0,4079.0,6169.853488,0.0,Above Rocks,St. Catherine,South East
5.0,4903.0,7416.227421,6.741972321185646,Sligoville,St. Catherine,South East
2.0,5807.0,8783.608532,2.276968506410208,Point Hill,St. Catherine,South East
0.0,1014.0,1533.765981,0.0,Part of Rock Hall,St. Catherine,South East
0.0,1856.0,2807.366529,0.0,Ginger Ridge,St. Catherine,South East
0.0,6241.0,9440.072473,0.0,Browns Hill,St. Catherine,South East
0.0,1728.0,2613.755045,0.0,Caymanas,St. Catherine,South East
4.0,12041.0,18213.092877,2.1962222600046757,Kitson Town,St. Catherine,South East
0.0,1655.0,2503.335995,0.0,Watermount,St. Catherine,South East
0.0,658.0,995.284039,0.0,Bellas Gate,St. Catherine,South East
6.0,5409.0,8181.597822,7.333530846341813,Crescent,St. Catherine,South East
0.0,403.0,609.573659,0.0,Part of Keystone,St. Catherine,South East
0.0,2676.0,4047.690104,0.0,Bartons,St. Catherine,South East
5.0,14510.0,21947.676908,2.278145436967629,St. John's West,St. Catherine,South East
3.0,21866.0,33074.286924,0.9070490338593158,Ensom,St. Catherine,South East
16.0,35405.0,53553.239208,2.98768108831965,Old Harbour,St. Catherine,South East
1.0,11832.0,17896.961624,0.558754061727992,Greendale,St. Catherine,South East
1.0,3460.0,5233.560448,1.9107451035215404,Keystone,St. Catherine,South East
2.0,5485.0,8296.554641,2.410639218979381,Golden Acres,St. Catherine,South East
4.0,5874.0,8884.952044,4.501993910818231,Hampton Green,St. Catherine,South East
2.0,16307.0,24665.800643,0.8108392786218304,Central Village,St. Catherine,South East
3.0,12686.0,19188.71325,1.563419058336285,St. John's East,St. Catherine,South East
2.0,14572.0,22041.457471,0.9073810126355777,Waterford,St. Catherine,South East
6.0,5263.0,7960.759722,7.536969095322232,Old Harbour Road,St. Catherine,South East
5.0,10021.0,15157.661633,3.2986618391813263,Willowdene,St. Catherine,South East
5.0,15834.0,23950.345703,2.087652538298729,Gregory Park,St. Catherine,South East
16.0,22075.0,33390.418176,4.791793836083283,Spanish Town Central,St. Catherine,South East
6.0,9080.0,13734.314702,4.368619862137188,Cromarty,St. Catherine,South East
1.0,8574.0,12968.944301,0.7710727849474169,Independence City,St. Catherine,South East
0.0,3022.0,4571.046149,0.0,West Cumberland,St. Catherine,South East
1.0,9240.0,13976.329058,0.7154954608253186,Passage Fort,St. Catherine,South East
1.0,7792.0,11786.099136,0.848457142996154,Cumberland,St. Catherine,South East
1.0,5073.0,7673.367674,1.3032087637196674,Edgewater,St. Catherine,South East
25.0,47885.0,72430.358975,3.4515913428827516,Greater Portmore,St. Catherine,South East
2.0,7804.0,11804.250213,1.694304986688103,Naggo Head,St. Catherine,South East
7.0,10725.0,16222.524799,4.314988010023876,Bridgeport,St. Catherine,South East
2.0,4396.0,6649.34443,3.007815313306007,Hellshire,St. Catherine,South East
30.0,11629.0,17589.90591,17.05523619824752,Braeton,St. Catherine,South East
0.0,6623.0,10017.881748,0.0,Old Harbour Bay,St. Catherine,South East
0.0,0.0,0.0,,,St. Catherine,South East
0.0,0.0,0.0,,,St. Catherine,South East
1.0,1114.0,1685.024953,5.934630215532481,Accompong,St. Elizabeth,Southern
0.0,1620.0,2450.395354,0.0,Elderslie,St. Elizabeth,Southern
0.0,294.0,444.701379,0.0,Quick Step,St. Elizabeth,Southern
10.0,4321.0,6535.900201,15.300111220287587,Balaclava,St. Elizabeth,Southern
0.0,134.0,202.687023,0.0,Merrywood,St. Elizabeth,Southern
0.0,547.0,827.386579,0.0,Mulgrave,St. Elizabeth,Southern
2.0,4035.0,6103.29954,3.2769160138583002,Thornton,St. Elizabeth,Southern
0.0,2610.0,3947.859182,0.0,Ginger Hill,St. Elizabeth,Southern
1.0,479.0,724.530478,13.802041879044321,Retirement,St. Elizabeth,Southern
1.0,2093.0,3165.850294,3.158709058022186,Pisgah,St. Elizabeth,Southern
0.0,1086.0,1642.672441,0.0,Springfield,St. Elizabeth,Southern
0.0,1236.0,1869.5609,0.0,White Hill,St. Elizabeth,Southern
3.0,3513.0,5313.727703,5.645754106493402,New Market,St. Elizabeth,Southern
1.0,2294.0,3469.880829,2.88194335564024,Brighton,St. Elizabeth,Southern
0.0,1475.0,2231.069844,0.0,Carisbrook,St. Elizabeth,Southern
4.0,2965.0,4484.828534,8.918958594906227,Middle Quarters,St. Elizabeth,Southern
1.0,2445.0,3698.281877,2.703958306204576,Giddy Hall,St. Elizabeth,Southern
2.0,725.0,1096.627551,18.23773256632324,Newton,St. Elizabeth,Southern
2.0,2044.0,3091.733398,6.468863069803407,Holland,St. Elizabeth,Southern
0.0,1117.0,1689.562723,0.0,Cotterwood,St. Elizabeth,Southern
1.0,2288.0,3460.80529,2.8895008999480583,Braes River,St. Elizabeth,Southern
0.0,2788.0,4217.100153,0.0,Brompton,St. Elizabeth,Southern
2.0,1935.0,2926.861118,6.833258973923067,Slipe,St. Elizabeth,Southern
6.0,2058.0,3112.909654,19.27457159667378,Goshen,St. Elizabeth,Southern
0.0,1697.0,2566.864763,0.0,Crawford,St. Elizabeth,Southern
21.0,8953.0,13542.215807,15.507063466781451,Santa Cruz,St. Elizabeth,Southern
1.0,4704.0,7115.222066,1.405437512313899,Black River,St. Elizabeth,Southern
0.0,3338.0,5049.024502,0.0,Scholefield,St. Elizabeth,Southern
0.0,3243.0,4905.328478,0.0,Burnt Savannah,St. Elizabeth,Southern
0.0,1470.0,2223.506896,0.0,Fullerswood,St. Elizabeth,Southern
8.0,3621.0,5477.087394,14.606303358905286,Leeds,St. Elizabeth,Southern
0.0,2952.0,4465.164868,0.0,Mountainside,St. Elizabeth,Southern
0.0,21.0,31.764384,0.0,Myersville,St. Elizabeth,Southern
1.0,3174.0,4800.959787,2.0829168423942894,Malvern,St. Elizabeth,Southern
0.0,1236.0,1869.5609,0.0,Russels,St. Elizabeth,Southern
0.0,1629.0,2464.008662,0.0,Parottee,St. Elizabeth,Southern
0.0,506.0,765.370401,0.0,Pondside,St. Elizabeth,Southern
0.0,1891.0,2860.30717,0.0,Nain,St. Elizabeth,Southern
0.0,1395.0,2110.062666,0.0,Warminister,St. Elizabeth,Southern
0.0,866.0,1309.902702,0.0,Barbary Hall,St. Elizabeth,Southern
3.0,1859.0,2811.904299,10.66892639648829,Bigwoods,St. Elizabeth,Southern
1.0,307.0,464.365046,21.534781926717198,Hopeton,St. Elizabeth,Southern
5.0,2184.0,3303.495959,15.135480902823772,Watchwell,St. Elizabeth,Southern
0.0,2484.0,3757.272877,0.0,Potsdam,St. Elizabeth,Southern
2.0,1541.0,2330.900766,8.580373858781424,Red Bank,St. Elizabeth,Southern
3.0,1246.0,1884.686797,15.917764186470288,Lititz,St. Elizabeth,Southern
8.0,2152.0,3255.093088,24.576870103937253,Rose Hall,St. Elizabeth,Southern
6.0,6739.0,10193.342156,5.886195036108234,Junction,St. Elizabeth,Southern
1.0,814.0,1231.248036,8.121840366533588,Newell,St. Elizabeth,Southern
1.0,3435.0,5195.745705,1.924651545278042,Treasure Beach,St. Elizabeth,Southern
9.0,3227.0,4881.127042,18.43836458784799,Pedro Plains,St. Elizabeth,Southern
2.0,1767.0,2672.746044,7.482940642601508,Top Hill,St. Elizabeth,Southern
1.0,3474.0,5254.736704,1.903044921810796,Ballards  Valley,St. Elizabeth,Southern
7.0,4323.0,6538.925381,10.70512292484593,Southfield,St. Elizabeth,Southern
2.0,3008.0,4549.869892,4.395730092230954,Bull Savannah,St. Elizabeth,Southern
2.0,988.0,1494.438648,13.38295153619448,Aberdeen,St. Elizabeth,Southern
2.0,4215.0,6375.56569,3.136976540194663,Maggotty,St. Elizabeth,Southern
3.0,3878.0,5865.822953,5.114371886157404,Siloah,St. Elizabeth,Southern
0.0,1786.0,2701.485249,0.0,Bogue,St. Elizabeth,Southern
6.0,5433.0,8217.899975,7.301135348754351,Lacovia,St. Elizabeth,Southern
5.0,3885.0,5876.411081,8.508594669570224,Pepper,St. Elizabeth,Southern
2.0,1933.0,2923.835938,6.840329082787271,Ironshore,St. James,Western
3.0,338.0,511.255327,58.679095191119636,Rose Hall,St. James,Western
7.0,676.0,1022.510654,68.45894438963958,Coral Gardens,St. James,Western
11.0,2017.0,3050.893475,36.055011720787796,Barrett Town,St. James,Western
13.0,6055.0,9158.730784,14.194106483302873,Lilliput,St. James,Western
11.0,7168.0,10842.243148,10.145502042194193,Flankers,St. James,Western
0.0,1723.0,2606.192096,0.0,Greenwood,St. James,Western
1.0,1273.0,1925.52672,5.1933841769798965,Flower Hill,St. James,Western
0.0,406.0,614.111428,0.0,Cornwall,St. James,Western
4.0,3076.0,4652.725994,8.597110608185966,Salt Spring,St. James,Western
5.0,1040.0,1573.093314,31.78450989208133,Spot Valley,St. James,Western
1.0,1584.0,2395.942124,4.173723521879195,Goodwill,St. James,Western
4.0,4213.0,6372.540511,6.276931457862646,Montego Hill,St. James,Western
8.0,2774.0,4195.923897,19.066122733350426,Orange,St. James,Western
0.0,1427.0,2158.465537,0.0,Canterbury,St. James,Western
4.0,260.0,393.273328,101.71043178397291,Brandon Hill,St. James,Western
7.0,5756.0,8706.466456,8.040001113397732,Rosemount,St. James,Western
4.0,1301.0,1967.879232,20.32645060202556,Green Pond,St. James,Western
5.0,929.0,1405.195854,35.58222852541949,Porto Bello,St. James,Western
25.0,6550.0,9907.462698,25.233504038371706,Rose Heights,St. James,Western
37.0,9050.0,13688.93701,27.02912576262925,Mount Salem,St. James,Western
16.0,104.0,157.309331,1017.1043191328556,Farm Heights,St. James,Western
11.0,874.0,1322.00342,83.20704646891156,Rose Mount Garden,St. James,Western
16.0,4933.0,7461.605113,21.443107424867556,John's Hall,St. James,Western
4.0,1921.0,2905.684861,13.766117770333112,Adelphi,St. James,Western
21.0,3814.0,5769.017211,36.4013474599426,Bogue,St. James,Western
15.0,2735.0,4136.932897,36.258746209970255,West Green,St. James,Western
9.0,1891.0,2860.30717,31.465152045191008,Catherine Hall,St. James,Western
2.0,1724.0,2607.704686,7.669580112876324,Catherine Mount,St. James,Western
2.0,89.0,134.620486,148.56579852192777,Irwin,St. James,Western
0.0,531.0,803.185144,0.0,Fairfield,St. James,Western
6.0,1974.0,2985.852117,20.094766133389182,Tucker,St. James,Western
1.0,465.0,703.354222,14.217587223070652,Friendship,St. James,Western
3.0,1102.0,1666.873877,17.997762406591484,Unity Hall,St. James,Western
1.0,1584.0,2395.942124,4.173723521879195,Tower Hill/Moy Hall,St. James,Western
5.0,888.0,1343.179676,37.22510166986773,Reading,St. James,Western
3.0,1182.0,1787.881055,16.77963973951276,Retirement,St. James,Western
14.0,5699.0,8620.248842,16.240830463951934,Granville,St. James,Western
15.0,776.0,1173.769626,127.79339035307427,Pitfour,St. James,Western
6.0,3516.0,5318.265473,11.28187381856182,Anchovy,St. James,Western
1.0,1135.0,1716.789338,5.824826482001369,Comfort Hall,St. James,Western
0.0,1800.0,2722.661505,0.0,Sunderland,St. James,Western
1.0,1795.0,2715.098556,3.683107553462969,Roehampton,St. James,Western
1.0,1718.0,2598.629147,3.8481828049779816,Mount Carey,St. James,Western
3.0,1315.0,1989.055488,15.082535495359695,Summer Hill,St. James,Western
2.0,2749.0,4158.109154,4.809878543174002,Montpelier,St. James,Western
6.0,2040.0,3085.683039,19.44464134574387,Welcome Hall,St. James,Western
0.0,1071.0,1619.983595,0.0,Flagstaff,St. James,Western
0.0,1717.0,2597.116558,0.0,Mount Horeb,St. James,Western
0.0,496.0,750.244504,0.0,Bickersteth,St. James,Western
6.0,479.0,724.530478,82.81225127426592,Maroon Town,St. James,Western
1.0,1895.0,2866.357529,3.4887483151792122,Seven Rivers,St. James,Western
0.0,1216.0,1839.309105,0.0,Vaughnsfield,St. James,Western
0.0,4595.0,6950.349786,0.0,Cambridge,St. James,Western
1.0,1510.0,2284.010485,4.378263613794226,Flamstead,St. James,Western
2.0,2493.0,3770.886184,5.303793067226661,Catadupa,St. James,Western
0.0,547.0,827.386579,0.0,Mocho,St. James,Western
0.0,534.0,807.722913,0.0,Garlands,St. James,Western
0.0,515.0,778.983708,0.0,Retrieve,St. James,Western
1.0,710.0,1073.938705,9.31151838875199,Niagara,St. James,Western
0.0,1457.0,2203.843229,0.0,Stonehenge,St. James,Western
0.0,370.0,559.658198,0.0,Arcadia,St. James,Western
26.0,4407.0,6665.982917,39.004000345835266,Norwood,St. James,Western
15.0,2268.0,3430.553496,43.7247226066869,Paradise,St. James,Western
25.0,5494.0,8310.167948,30.083627859791598,Down Town Montego Bay,St. James,Western
5.0,16736.0,25314.701635,1.9751368481811458,Glendevon,St. James,Western
11.0,4775.0,7222.615936,15.22993898259524,Albion,St. James,Western
4.0,2332.0,3527.359238,11.339928059802567,Dumfries,St. James,Western
4.0,2173.0,3286.857472,12.169678892605173,Somerton,St. James,Western
1.0,2704.0,4090.042616,2.4449622996299847,Lottery,St. James,Western
1.0,1492.0,2256.783869,4.4310844903509015,Tangle River,St. James,Western
1.0,1626.0,2459.470893,4.065915164298714,Maldon,St. James,Western
0.0,3146.0,4758.607274,0.0,Hopeton,St. James,Western
0.0,2912.0,4404.661279,0.0,Prospect,St. Mary,North East
0.0,866.0,1309.902702,0.0,Mason Hall,St. Mary,North East
2.0,2170.0,3282.319703,6.093251666411485,Galina,St. Mary,North East
0.0,2328.0,3521.308879,0.0,Retreat,St. Mary,North East
0.0,1947.0,2945.012194,0.0,Charles Town,St. Mary,North East
0.0,762.0,1152.59337,0.0,Mango Valley,St. Mary,North East
5.0,8106.0,12261.05231,4.077953403658548,Oracabessa,St. Mary,North East
0.0,1287.0,1946.702976,0.0,Labyrinth,St. Mary,North East
1.0,1627.0,2460.983482,4.063416139580574,Jacks River,St. Mary,North East
2.0,6176.0,9341.754141,2.1409255369098243,Islington,St. Mary,North East
9.0,8595.0,13000.708685,6.9226995374367934,Port Maria,St. Mary,North East
0.0,1223.0,1849.897233,0.0,Amiel Town,St. Mary,North East
1.0,2083.0,3150.724397,3.173873287527662,Baileys Vale,St. Mary,North East
0.0,1884.0,2849.719042,0.0,Sandside,St. Mary,North East
0.0,1057.0,1598.807339,0.0,Free Hill,St. Mary,North East
2.0,4129.0,6245.482974,3.202314389977553,Gayle,St. Mary,North East
1.0,1327.0,2007.206565,4.982048272645023,Hampstead,St. Mary,North East
0.0,2632.0,3981.136156,0.0,Bonnygate,St. Mary,North East
0.0,718.0,1086.039422,0.0,Mile Gully,St. Mary,North East
0.0,528.0,798.647375,0.0,Robins Bay,St. Mary,North East
1.0,1210.0,1830.233567,5.463783519385097,Lucky Hill,St. Mary,North East
0.0,1857.0,2808.879119,0.0,Woodpark,St. Mary,North East
1.0,2842.0,4298.779998,2.326241399804708,Martin,St. Mary,North East
0.0,2016.0,3049.380885,0.0,Jeffery Town,St. Mary,North East
0.0,2626.0,3972.060617,0.0,Carron Hall,St. Mary,North East
0.0,2450.0,3705.844826,0.0,Belfield,St. Mary,North East
1.0,884.0,1337.129317,7.478708209342179,Guys Hill,St. Mary,North East
0.0,483.0,730.580837,0.0,Dover,St. Mary,North East
1.0,962.0,1455.111315,6.872326465278019,Epson,St. Mary,North East
4.0,5669.0,8574.87115,4.6647931263666855,Annotto Bay,St. Mary,North East
6.0,9500.0,14369.602386,4.1754808788903395,Highgate,St. Mary,North East
0.0,960.0,1452.086136,0.0,Woodside,St. Mary,North East
0.0,1210.0,1830.233567,0.0,Broadgate,St. Mary,North East
1.0,2461.0,3722.483313,2.6863787313907026,Clonmel,St. Mary,North East
0.0,1010.0,1527.715622,0.0,Flint River,St. Mary,North East
2.0,7850.0,11873.82934,1.6843765753500377,Richmond,St. Mary,North East
1.0,2665.0,4031.051617,2.480742235556444,Enfield,St. Mary,North East
0.0,571.0,863.688733,0.0,Long Road,St. Mary,North East
0.0,1179.0,1783.343286,0.0,Camberwell,St. Mary,North East
0.0,75.0,113.444229,0.0,Devon Pen,St. Mary,North East
0.0,466.0,704.866812,0.0,Baxter Mountain,St. Mary,North East
0.0,915.0,1384.019598,0.0,Scotts Hall,St. Mary,North East
1.0,2584.0,3908.531849,2.558505440491295,Castleton,St. Mary,North East
0.0,328.0,496.12943,0.0,Friendship Gap,St. Mary,North East
0.0,1570.0,2374.765868,0.0,Brainerd,St. Mary,North East
0.0,1666.0,2519.974482,0.0,Hagley Gap,St. Thomas,South East
0.0,522.0,789.571836,0.0,Cedar Valley,St. Thomas,South East
0.0,581.0,878.81463,0.0,Hillside,St. Thomas,South East
0.0,1878.0,2840.643503,0.0,White Hall,St. Thomas,South East
0.0,1289.0,1949.728155,0.0,Somerset,St. Thomas,South East
0.0,509.0,769.90817,0.0,New Monkland,St. Thomas,South East
0.0,1160.0,1754.604081,0.0,River Head,St. Thomas,South East
0.0,349.0,527.893814,0.0,Johnson Mountain,St. Thomas,South East
1.0,927.0,1402.170675,7.131799415217409,Amity Hall,St. Thomas,South East
0.0,716.0,1083.014243,0.0,Bethel,St. Thomas,South East
0.0,911.0,1377.969239,0.0,Rowlandsfield,St. Thomas,South East
0.0,1276.0,1930.064489,0.0,Trinityville,St. Thomas,South East
0.0,1430.0,2163.003307,0.0,Mount Lebanus,St. Thomas,South East
0.0,263.0,397.811098,0.0,Richmond Vale,St. Thomas,South East
0.0,781.0,1181.332575,0.0,Ramble,St. Thomas,South East
0.0,1649.0,2494.260456,0.0,Jones Pen,St. Thomas,South East
0.0,307.0,464.365046,0.0,Spring Bank,St. Thomas,South East
0.0,974.0,1473.262392,0.0,Wheelerfield,St. Thomas,South East
0.0,539.0,815.285862,0.0,Sunning Hill,St. Thomas,South East
0.0,841.0,1272.087959,0.0,Easington,St. Thomas,South East
0.0,1585.0,2397.454714,0.0,Eleven Miles,St. Thomas,South East
14.0,5775.0,8735.205661,16.02709832294583,Seaforth,St. Thomas,South East
0.0,1571.0,2376.278458,0.0,Winchester,St. Thomas,South East
0.0,513.0,775.958529,0.0,Llandewey,St. Thomas,South East
1.0,954.0,1443.010598,6.929956033489922,Font Hill,St. Thomas,South East
0.0,295.0,446.213969,0.0,Middleton,St. Thomas,South East
0.0,1921.0,2905.684861,0.0,Airy Castle,St. Thomas,South East
1.0,1158.0,1751.578901,5.709134766518862,Duckenfield,St. Thomas,South East
0.0,2173.0,3286.857472,0.0,York,St. Thomas,South East
0.0,1560.0,2359.639971,0.0,Danvers Pen,St. Thomas,South East
0.0,766.0,1158.643729,0.0,Arcadia,St. Thomas,South East
0.0,2671.0,4040.127155,0.0,Lloyds,St. Thomas,South East
0.0,932.0,1409.733624,0.0,Pear Tree,St. Thomas,South East
2.0,268.0,405.374046,49.33714971974304,Golden Grove,St. Thomas,South East
1.0,4223.0,6387.666408,1.5655169448855162,Morant Bay,St. Thomas,South East
0.0,335.0,506.717558,0.0,Spring Garden,St. Thomas,South East
0.0,1915.0,2896.609323,0.0,Albion,St. Thomas,South East
3.0,2848.0,4307.855536,6.964021831580752,White Horses,St. Thomas,South East
0.0,1479.0,2237.120203,0.0,Hampton Court,St. Thomas,South East
0.0,3965.0,5997.418259,0.0,Poormans Corner,St. Thomas,South East
1.0,3000.0,4537.769175,2.2037260191843053,Port Morant,St. Thomas,South East
5.0,3446.0,5212.384192,9.592539260007026,Dalvey,St. Thomas,South East
1.0,1622.0,2453.420534,4.075942082255353,Barking Lodge,St. Thomas,South East
0.0,2062.0,3118.960013,0.0,Duhaney Pen,St. Thomas,South East
0.0,380.0,574.784095,0.0,Johns Town,St. Thomas,South East
0.0,3295.0,4983.983143,0.0,Lyssons,St. Thomas,South East
3.0,6066.0,9175.369271,3.2696231741668504,Yallahs,St. Thomas,South East
1.0,3252.0,4918.941785,2.0329575825626485,Church Corner,St. Thomas,South East
0.0,526.0,795.622195,0.0,Pamphret,St. Thomas,South East
0.0,1906.0,2882.996016,0.0,Prospect,St. Thomas,South East
1.0,2145.0,3244.50496,3.082134292684206,Retreat,St. Thomas,South East
0.0,721.0,1090.577192,0.0,Leith Hall,St. Thomas,South East
0.0,1929.0,2917.785579,0.0,Baptist,St. Thomas,South East
0.0,1214.0,1836.283926,0.0,Hayfield,St. Thomas,South East
0.0,1965.0,2972.238809,0.0,Bath,St. Thomas,South East
1.0,2157.0,3262.656037,3.0649875091322722,Wilmington,St. Thomas,South East
3.0,2547.0,3852.566029,7.787017736795809,Salt Marsh,Trelawny,Western
3.0,2150.0,3252.067908,9.224899617317586,Granville,Trelawny,Western
4.0,1034.0,1564.017776,25.575156890032687,Daniel Town,Trelawny,Western
3.0,1600.0,2420.14356,12.395958857911717,Rio Bueno,Trelawny,Western
12.0,1397.0,2113.087846,56.78893105516447,Bounty Hall,Trelawny,Western
6.0,554.0,837.974708,71.60120636958413,Martha Brae,Trelawny,Western
1.0,901.0,1362.843342,7.337600509039285,Samuels Prospect,Trelawny,Western
1.0,590.0,892.427938,11.205386535086264,Hampden,Trelawny,Western
0.0,411.0,621.674377,0.0,Brampton,Trelawny,Western
9.0,4754.0,7190.851552,12.51590292876623,Clarks Town,Trelawny,Western
3.0,3011.0,4554.407662,6.587025630205872,Jackson Town,Trelawny,Western
0.0,993.0,1502.001597,0.0,Stewart Town,Trelawny,Western
4.0,1882.0,2846.693862,14.05138800977258,Duanvale,Trelawny,Western
3.0,1542.0,2332.413356,12.862214119477029,Kinloss,Trelawny,Western
0.0,607.0,918.141963,0.0,Sawyers,Trelawny,Western
0.0,2423.0,3665.004903,0.0,Troy,Trelawny,Western
3.0,478.0,723.017888,41.49274934674922,Alps,Trelawny,Western
0.0,910.0,1376.45665,0.0,St. Vincent,Trelawny,Western
2.0,1803.0,2727.199274,7.333530846341813,Ulster Spring,Trelawny,Western
0.0,859.0,1299.314574,0.0,Wilson's Run,Trelawny,Western
0.0,1601.0,2421.656149,0.0,Spring Garden,Trelawny,Western
4.0,1014.0,1533.765981,26.07959786271984,Albert Town,Trelawny,Western
0.0,577.0,872.764271,0.0,Freemans Hall,Trelawny,Western
3.0,2512.0,3799.625389,7.895515196537708,Stettin,Trelawny,Western
1.0,3005.0,4545.332123,2.200059254063886,Warsop,Trelawny,Western
0.0,2250.0,3403.326881,0.0,Wirefence,Trelawny,Western
0.0,532.0,804.697734,0.0,Joe Hut,Trelawny,Western
1.0,2816.0,4259.452665,2.3477194809958055,Wait-A-Bit,Trelawny,Western
0.0,3507.0,5304.652165,0.0,Lorrimers,Trelawny,Western
25.0,8228.0,12445.588256,20.087439408858426,Falmouth,Trelawny,Western
20.0,4004.0,6056.409258,33.02286742525153,Duncans,Trelawny,Western
0.0,640.0,968.057424,0.0,Refuge,Trelawny,Western
0.0,799.0,1208.55919,0.0,Perth Town,Trelawny,Western
1.0,1389.0,2100.987128,4.759667428100491,Spicy Hill,Trelawny,Western
1.0,1278.0,1933.089668,5.173065774204945,Sherwood Content,Trelawny,Western
11.0,3626.0,5484.650342,20.055973150676373,Wakefield,Trelawny,Western
2.0,2188.0,3309.546318,6.043124367597987,Deeside,Trelawny,Western
2.0,1873.0,2833.080555,7.059453344770847,Bunkers Hill,Trelawny,Western
4.0,573.0,866.713912,46.15133026732816,Town Head,Westmoreland,Western
1.0,874.0,1322.00342,7.564276951719232,Bath Mountain,Westmoreland,Western
0.0,668.0,1010.409936,0.0,Grange,Westmoreland,Western
1.0,2464.0,3727.021082,2.683107978190932,Delveland,Westmoreland,Western
0.0,684.0,1034.611372,0.0,Porters Mountain,Westmoreland,Western
2.0,217.0,328.23197,60.93251671980642,Jerusalem,Westmoreland,Western
2.0,3758.0,5684.312186,3.518455592438849,Burnt Savannah,Westmoreland,Western
1.0,487.0,736.631196,13.575314287938465,Mackfield,Westmoreland,Western
2.0,984.0,1488.388289,13.437353779125306,Fort Williams,Westmoreland,Western
1.0,2027.0,3066.019372,3.2615579964443873,Truro,Westmoreland,Western
2.0,1655.0,2503.335995,7.9893390419610855,Fullersfield,Westmoreland,Western
0.0,1829.0,2766.526607,0.0,Strawberry,Westmoreland,Western
9.0,6358.0,9617.045471,9.358383535919959,Negril,Westmoreland,Western
1.0,988.0,1494.438648,6.69147576809724,Mount Stewart,Westmoreland,Western
0.0,584.0,883.352399,0.0,Roaring River,Westmoreland,Western
3.0,2963.0,4481.803355,6.693734111857301,Shefield,Westmoreland,Western
7.0,4906.0,7420.76519,9.432989483932182,Bethel Town,Westmoreland,Western
16.0,9703.0,14676.6581,10.901664323705953,Grange Hill,Westmoreland,Western
4.0,1148.0,1736.453004,23.0354636191467,Haddo,Westmoreland,Western
0.0,897.0,1356.792983,0.0,Red Hills,Westmoreland,Western
10.0,1733.0,2621.317993,38.14874817440739,Frome,Westmoreland,Western
0.0,1182.0,1787.881055,0.0,Barneyside,Westmoreland,Western
1.0,609.0,921.167142,10.855793204139278,Cornwall Mountian,Westmoreland,Western
7.0,6729.0,10178.216259,6.87743296258842,Little London,Westmoreland,Western
5.0,2405.0,3637.778288,13.744652928666882,Georges Plain,Westmoreland,Western
2.0,770.0,1164.694088,17.171891062264926,Paul Island,Westmoreland,Western
5.0,3640.0,5505.826598,9.081288542244062,Hertford,Westmoreland,Western
0.0,527.0,797.134785,0.0,Lambs River,Westmoreland,Western
6.0,4216.0,6377.07828,9.408697426245174,Petersfield,Westmoreland,Western
0.0,1701.0,2572.915122,0.0,Caledonia,Westmoreland,Western
3.0,1310.0,1981.49254,15.14010241996672,Mount Airy,Westmoreland,Western
1.0,1067.0,1613.933236,6.19604316767413,Revival,Westmoreland,Western
3.0,1581.0,2391.404355,12.54492990166023,Three Mile River,Westmoreland,Western
0.0,1225.0,1852.922413,0.0,Amity,Westmoreland,Western
1.0,1038.0,1570.068134,6.369150346694444,Bath,Westmoreland,Western
5.0,2951.0,4463.652278,11.201589390471783,Darliston,Westmoreland,Western
0.0,280.0,423.525123,0.0,Struie,Westmoreland,Western
0.0,2826.0,4274.578562,0.0,Water Works,Westmoreland,Western
0.0,702.0,1061.837987,0.0,St. Leonards,Westmoreland,Western
0.0,1196.0,1809.057311,0.0,Belvedere,Westmoreland,Western
1.0,1932.0,2922.323348,3.421934813217665,Big Bridge,Westmoreland,Western
0.0,975.0,1474.774982,0.0,Amity,Westmoreland,Western
0.0,893.0,1350.742624,0.0,Seaford Town,Westmoreland,Western
2.0,464.0,701.841632,28.4964571608656,Orange Hill,Westmoreland,Western
1.0,951.0,1438.472828,6.951817097514199,Ashton,Westmoreland,Western
1.0,2830.0,4280.628921,2.3361053210993803,Smithfield,Westmoreland,Western
1.0,543.0,821.336221,12.17528186912872,Gooden's River,Westmoreland,Western
0.0,113.0,170.922639,0.0,Beaufort,Westmoreland,Western
4.0,2162.0,3270.218985,12.231596777914246,Strathbogie,Westmoreland,Western
2.0,2434.0,3681.64339,5.432356662876031,Broughton,Westmoreland,Western
4.0,2305.0,3486.519316,11.472760187054131,Llandilo,Westmoreland,Western
1.0,406.0,614.111428,16.283689806208915,Cairn Curran,Westmoreland,Western
1.0,1858.0,2810.391709,3.558222851275854,Chantilly,Westmoreland,Western
0.0,456.0,689.740915,0.0,Dundee,Westmoreland,Western
0.0,778.0,1176.794806,0.0,Ferris,Westmoreland,Western
0.0,534.0,807.722913,0.0,Enfield,Westmoreland,Western
0.0,1066.0,1612.420647,0.0,Lenox Bigwoods,Westmoreland,Western
0.0,775.0,1172.257037,0.0,Dillion Bigwoods,Westmoreland,Western
0.0,870.0,1315.953061,0.0,Berkshire,Westmoreland,Western
0.0,2731.0,4130.882539,0.0,Shoalin Grotto,Westmoreland,Western
29.0,4510.0,6821.779659,42.51090103993639,Savannah-la-mar Business Dist.,Westmoreland,Western
0.0,381.0,576.296685,0.0,Leamington,Westmoreland,Western
1.0,716.0,1083.014243,9.233488908049383,Cave,Westmoreland,Western
0.0,872.0,1318.97824,0.0,Russia,Westmoreland,Western
0.0,715.0,1081.501653,0.0,Harmony Town,Westmoreland,Western
1.0,820.0,1240.323574,8.062412268558559,Seaton Crescent,Westmoreland,Western
0.0,1498.0,2265.859408,0.0,12th Street,Westmoreland,Western
0.0,1297.0,1961.828873,0.0,New Market Oval,Westmoreland,Western
0.0,522.0,789.571836,0.0,Kentucky,Westmoreland,Western
0.0,1347.0,2037.458359,0.0,Mearnsville,Westmoreland,Western
1.0,1315.0,1989.055488,5.0275118317865655,New Roads,Westmoreland,Western
0.0,1256.0,1899.812694,0.0,Content,Westmoreland,Western
0.0,1198.0,1812.08249,0.0,New Works,Westmoreland,Western
0.0,403.0,609.573659,0.0,Carmel,Westmoreland,Western
4.0,3682.0,5569.355367,7.182159758921341,Bluefields,Westmoreland,Western
0.0,1173.0,1774.267747,0.0,Beeston Spring,Westmoreland,Western
0.0,647.0,978.645552,0.0,Bog,Westmoreland,Western
0.0,546.0,825.87399,0.0,Petersville,Westmoreland,Western
0.0,384.0,580.834454,0.0,Kilmarnoch,Westmoreland,Western
1.0,6600.0,9983.092184,1.0016936451841143,Whitehouse,Westmoreland,Western
0.0,878.0,1328.053778,0.0,Williamsfield,Westmoreland,Western
3.0,1199.0,1813.59508,16.5417299213229,Whithorn,Westmoreland,Western
